{"textures":{"0":"modelengine:entity/beast"},"elements":[{"from":[1.8249998,1.0,1.625],"to":[1.8249998,3.6,4.2250004],"faces":{"east":{"uv":[9.375,14.125,9.75,14.5],"tintindex":0,"rotation":0,"texture":"#0"},"west":{"uv":[9.75,14.125,10.125,14.5],"tintindex":0,"rotation":0,"texture":"#0"}}},{"from":[5.825,1.0,1.625],"to":[5.825,3.6,4.2250004],"faces":{"east":{"uv":[14.125,11.875,14.5,12.25],"tintindex":0,"rotation":0,"texture":"#0"},"west":{"uv":[13.0,14.125,13.375,14.5],"tintindex":0,"rotation":0,"texture":"#0"}}},{"from":[0.6526004,1.0025998,3.9026005],"to":[7.1474,12.6974,10.397401],"faces":{"east":{"uv":[1.5,13.0,2.25,14.5],"tintindex":0,"rotation":0,"texture":"#0"},"south":{"uv":[13.0,6.0,13.75,7.5],"tintindex":0,"rotation":0,"texture":"#0"},"north":{"uv":[0.75,13.0,1.5,14.5],"tintindex":0,"rotation":0,"texture":"#0"},"west":{"uv":[13.0,10.875,13.75,12.375],"tintindex":0,"rotation":0,"texture":"#0"},"up":{"uv":[8.625,14.375,7.875,13.625],"tintindex":0,"rotation":0,"texture":"#0"},"down":{"uv":[9.375,13.625,8.625,14.375],"tintindex":0,"rotation":0,"texture":"#0"}}},{"from":[4.075,1.0,1.625],"to":[4.075,3.6,4.2250004],"faces":{"east":{"uv":[14.125,13.0,14.5,13.375],"tintindex":0,"rotation":0,"texture":"#0"},"west":{"uv":[13.375,14.125,13.75,14.5],"tintindex":0,"rotation":0,"texture":"#0"}}}],"display":{"gui":{"rotation":[30,225,0]}}}