{"textures":{"0":"modelengine:entity/rocky"},"elements":[{"from":[5.7567496,-0.99325013,5.7567496],"to":[12.49325,5.7432504,10.24325],"faces":{"east":{"uv":[1.875,12.25,2.125,12.625],"tintindex":0,"rotation":0,"texture":"#0"},"south":{"uv":[12.125,1.75,12.5,2.125],"tintindex":0,"rotation":0,"texture":"#0"},"north":{"uv":[12.125,1.25,12.5,1.625],"tintindex":0,"rotation":0,"texture":"#0"},"west":{"uv":[2.125,12.25,2.375,12.625],"tintindex":0,"rotation":0,"texture":"#0"},"up":{"uv":[10.125,3.125,9.75,2.875],"tintindex":0,"rotation":0,"texture":"#0"},"down":{"uv":[4.0,10.125,3.625,10.375],"tintindex":0,"rotation":0,"texture":"#0"}},"rotation":{"origin":[17.0,-1.0,3.5],"angle":-22.5,"axis":"x"}},{"from":[5.7544994,-0.99550045,1.2545],"to":[12.4955,1.2455,10.2455],"faces":{"east":{"uv":[12.375,9.125,12.875,9.25],"tintindex":0,"rotation":0,"texture":"#0"},"south":{"uv":[3.625,12.5,4.0,12.625],"tintindex":0,"rotation":0,"texture":"#0"},"north":{"uv":[12.375,10.875,12.75,11.0],"tintindex":0,"rotation":0,"texture":"#0"},"west":{"uv":[12.375,10.75,12.875,10.875],"tintindex":0,"rotation":0,"texture":"#0"},"up":{"uv":[9.25,12.5,8.875,12.0],"tintindex":0,"rotation":0,"texture":"#0"},"down":{"uv":[9.625,12.0,9.25,12.5],"tintindex":0,"rotation":0,"texture":"#0"}}}],"display":{"gui":{"rotation":[30,225,0]}}}